num_vertices,area_shapely,area_gauss,area_mc,error_mc,time_shapely,time_gauss,time_mc,iterations_mc
10,232.82062030901628,232.82062030901622,234.75259065823272,0.008298106699708093,0.0,0.0,0.5022690296173096,10000
50,257.24698833177206,257.2469883317722,257.6856995198199,0.0017054084515928788,0.0,0.0,0.7071795463562012,10000
100,253.87833972494627,253.87833972494627,254.63245572006508,0.002970383357382218,0.0,0.0,1.0369269847869873,10000
